A,P,C,LK,WK,A_Coef,LKG
1.0,0.9943409310122261,0.6082884150842174,0.9499854171022527,0.9707706038413972,-0.22957233282919792,0.8636927461691684
0.9943409310122261,1.0,0.5292436074014826,0.9724223276080382,0.944829361080685,-0.21734037184148766,0.8907839014724979
0.6082884150842174,0.5292436074014826,1.0,0.3679151481871359,0.7616345179610162,-0.3314708746555767,0.22682482116409183
0.9499854171022527,0.9724223276080382,0.3679151481871359,1.0,0.8604149377143475,-0.17156242671976593,0.9328060859419873
0.9707706038413972,0.944829361080685,0.7616345179610162,0.8604149377143475,1.0,-0.2580365474147608,0.7491314683026036
-0.22957233282919792,-0.21734037184148766,-0.3314708746555767,-0.17156242671976593,-0.2580365474147608,1.0,-0.01107901971639809
0.8636927461691684,0.8907839014724979,0.22682482116409183,0.9328060859419873,0.7491314683026036,-0.01107901971639809,1.0
